,d1,d2,d3,d4,d5,ruangan
0,-90,-60.0,-90,-90,-71.0,301
1,-39.0,-63.0,-70.0,-81.0,-75.0,301
2,-44.0,-69.0,-59.0,-68.0,-67.0,301
3,-44.0,-90,-55.0,-67.0,-72.0,301
4,-42.0,-67.0,-55.0,-67.0,-73.0,301
5,-43.0,-59.0,-56.0,-71.0,-64.0,301
6,-38.0,-66.0,-60.0,-69.0,-65.0,301
7,-43.0,-90,-64.0,-67.0,-70.0,301
8,-31.0,-90,-61.0,-72.0,-64.0,301
9,-37.0,-64.0,-54.0,-71.0,-68.0,301
10,-37.0,-59.0,-90,-72.0,-74.0,301
11,-42.0,-56.0,-58.0,-75.0,-66.0,301
12,-36.0,-90,-52.0,-75.0,-73.0,301
13,-38.0,-59.0,-52.0,-66.0,-77.0,301
14,-36.0,-57.0,-48.0,-71.0,-72.0,301
15,-90,-57.0,-90,-67.0,-65.0,301
16,-90,-58.0,-90,-67.0,-61.0,301
17,-37.0,-57.0,-52.0,-68.0,-60.0,301
18,-41.0,-65.0,-46.0,-64.0,-65.0,301
19,-31.0,-65.0,-57.0,-70.0,-64.0,301
20,-39.0,-74.0,-55.0,-74.0,-74.0,301
21,-37.0,-63.0,-50.0,-75.0,-80.0,301
22,-49.0,-67.0,-90,-73.0,-64.0,301
23,-39.0,-59.0,-90,-65.0,-60.0,301
24,-44.0,-65.0,-50.0,-69.0,-68.0,301
25,-44.0,-64.0,-52.0,-62.0,-64.0,301
26,-42.0,-63.0,-52.0,-71.0,-67.0,301
27,-39.0,-58.0,-54.0,-70.0,-68.0,301
28,-39.0,-65.0,-55.0,-65.0,-65.0,301
29,-45.0,-61.0,-49.0,-62.0,-65.0,301
30,-51.0,-58.0,-48.0,-70.0,-58.0,301
31,-43.0,-58.0,-47.0,-66.0,-62.0,301
32,-47.0,-65.0,-50.0,-69.0,-65.0,301
33,-44.0,-60.0,-47.0,-71.0,-69.0,301
34,-41.0,-59.0,-53.0,-68.0,-63.0,301
35,-40.0,-58.0,-57.0,-67.0,-65.0,301
36,-41.0,-53.0,-52.0,-69.0,-65.0,301
37,-40.0,-48.0,-49.0,-66.0,-67.0,301
38,-42.0,-52.0,-43.0,-60.0,-71.0,301
39,-90,-90,-90,-90,-66.0,301
40,-33.0,-54.0,-43.0,-68.0,-66.0,301
41,-35.0,-90,-47.0,-71.0,-62.0,301
42,-36.0,-66.0,-49.0,-63.0,-65.0,301
43,-36.0,-65.0,-48.0,-64.0,-66.0,301
44,-38.0,-63.0,-55.0,-64.0,-63.0,301
45,-38.0,-64.0,-50.0,-61.0,-63.0,301
46,-36.0,-58.0,-50.0,-74.0,-72.0,301
47,-43.0,-55.0,-44.0,-70.0,-74.0,301
48,-41.0,-60.0,-90,-66.0,-65.0,301
49,-42.0,-63.0,-55.0,-66.0,-62.0,301
50,-41.0,-60.0,-52.0,-67.0,-64.0,301
51,-46.0,-62.0,-54.0,-65.0,-70.0,301
52,-42.0,-61.0,-54.0,-69.0,-60.0,301
53,-40.0,-57.0,-53.0,-70.0,-65.0,301
54,-36.0,-63.0,-62.0,-63.0,-70.0,301
55,-30.0,-57.0,-53.0,-70.0,-68.0,301
56,-40.0,-52.0,-46.0,-73.0,-67.0,301
57,-44.0,-55.0,-50.0,-65.0,-62.0,301
58,-32.0,-55.0,-45.0,-77.0,-68.0,301
59,-30.0,-55.0,-45.0,-71.0,-61.0,301
60,-34.0,-57.0,-48.0,-68.0,-64.0,301
61,-41.0,-90,-54.0,-74.0,-70.0,301
62,-35.0,-63.0,-55.0,-72.0,-67.0,301
63,-38.0,-61.0,-46.0,-66.0,-65.0,301
64,-34.0,-62.0,-60.0,-67.0,-63.0,301
65,-32.0,-55.0,-59.0,-73.0,-65.0,301
66,-30.0,-58.0,-61.0,-66.0,-67.0,301
67,-42.0,-55.0,-48.0,-70.0,-64.0,301
68,-41.0,-64.0,-50.0,-66.0,-69.0,301
69,-90,-56.0,-54.0,-67.0,-61.0,301
70,-32.0,-56.0,-57.0,-71.0,-61.0,301
71,-29.0,-61.0,-61.0,-61.0,-70.0,301
72,-28.0,-64.0,-54.0,-69.0,-62.0,301
73,-36.0,-66.0,-90,-75.0,-67.0,301
74,-28.0,-56.0,-55.0,-65.0,-69.0,301
75, -28, -52, -55, -69, -69,301
76,-41.0,-51.0,-47.0,-61.0,-78.0,301
77,-41.0,-53.0,-54.0,-66.0,-73.0,301
78,-37.0,-48.0,-52.0,-70.0,-65.0,301
79,-37.0,-49.0,-49.0,-68.0,-70.0,301
80,-42.0,-54.0,-48.0,-62.0,-66.0,301
81,-32.0,-58.0,-46.0,-66.0,-66.0,301
82,-33.0,-57.0,-50.0,-66.0,-63.0,301
83,-33.0,-52.0,-51.0,-67.0,-69.0,301
84,-31.0,-62.0,-58.0,-68.0,-73.0,301
85,-26.0,-57.0,-56.0,-75.0,-70.0,301
86,-32.0,-57.0,-63.0,-77.0,-74.0,301
87,-34.0,-64.0,-90,-77.0,-79.0,301
88,-30.0,-72.0,-59.0,-75.0,-68.0,301
89,-37.0,-59.0,-66.0,-68.0,-66.0,301
90,-37.0,-56.0,-58.0,-68.0,-72.0,301
91,-46.0,-60.0,-53.0,-65.0,-68.0,301
92,-50.0,-48.0,-48.0,-69.0,-68.0,301
93,-47.0,-48.0,-54.0,-71.0,-65.0,301
94,-42.0,-55.0,-55.0,-70.0,-66.0,301
95,-39.0,-55.0,-61.0,-63.0,-68.0,301
96,-42.0,-55.0,-58.0,-68.0,-63.0,301
97,-34.0,-51.0,-53.0,-66.0,-64.0,301
98,-34.0,-52.0,-55.0,-67.0,-63.0,301
99,-29.0,-56.0,-55.0,-69.0,-65.0,301
100,-42.0,-56.0,-60.0,-71.0,-68.0,301
101,-33.0,-56.0,-55.0,-64.0,-67.0,301
102,-36.0,-53.0,-56.0,-63.0,-67.0,301
103,-48.0,-59.0,-53.0,-64.0,-63.0,301
104,-41.0,-60.0,-51.0,-66.0,-74.0,301
105,-47.0,-51.0,-52.0,-66.0,-75.0,301
106,-46.0,-57.0,-59.0,-61.0,-75.0,301
107,-41.0,-57.0,-57.0,-68.0,-69.0,301
108,-37.0,-55.0,-57.0,-69.0,-73.0,301
109,-43.0,-56.0,-56.0,-66.0,-79.0,301
110,-46.0,-61.0,-57.0,-77.0,-75.0,301
111,-42.0,-66.0,-60.0,-74.0,-80.0,301
112,-45.0,-54.0,-60.0,-64.0,-90,301
113,-36.0,-49.0,-56.0,-69.0,-69.0,301
114,-38.0,-53.0,-58.0,-66.0,-71.0,301
115,-30.0,-57.0,-59.0,-69.0,-68.0,301
116,-31.0,-60.0,-55.0,-71.0,-69.0,301
117,-35.0,-52.0,-56.0,-75.0,-73.0,301
118,-38.0,-48.0,-51.0,-75.0,-71.0,301
119,-43.0,-50.0,-53.0,-72.0,-66.0,301
120,-90,-58.0,-90,-63.0,-70.0,301
121,-90,-56.0,-90,-90,-71.0,301
122,-29.0,-52.0,-53.0,-61.0,-67.0,301
123,-27.0,-54.0,-53.0,-68.0,-66.0,301
124,-29.0,-53.0,-60.0,-69.0,-67.0,301
125,-41.0,-54.0,-55.0,-68.0,-64.0,301
126,-37.0,-54.0,-63.0,-63.0,-61.0,301
127,-36.0,-56.0,-50.0,-70.0,-65.0,301
128,-38.0,-62.0,-48.0,-70.0,-64.0,301
129,-40.0,-57.0,-55.0,-76.0,-61.0,301
130,-39.0,-56.0,-46.0,-73.0,-63.0,301
131,-38.0,-61.0,-56.0,-63.0,-63.0,301
132,-41.0,-66.0,-53.0,-69.0,-67.0,301
133,-47.0,-64.0,-53.0,-68.0,-63.0,301
134,-36.0,-63.0,-48.0,-69.0,-66.0,301
135,-38.0,-60.0,-48.0,-70.0,-58.0,301
136,-39.0,-67.0,-46.0,-73.0,-65.0,301
137,-38.0,-54.0,-52.0,-70.0,-66.0,301
138,-34.0,-60.0,-50.0,-68.0,-70.0,301
139,-38.0,-63.0,-50.0,-69.0,-64.0,301
140,-42.0,-60.0,-51.0,-68.0,-64.0,301
141,-41.0,-64.0,-50.0,-64.0,-68.0,301
142,-44.0,-52.0,-59.0,-67.0,-66.0,301
143,-43.0,-52.0,-49.0,-72.0,-71.0,301
144,-41.0,-55.0,-52.0,-64.0,-65.0,301
145,-37.0,-59.0,-47.0,-68.0,-63.0,301
146,-38.0,-60.0,-60.0,-69.0,-70.0,301
147,-42.0,-47.0,-59.0,-71.0,-76.0,301
148,-49.0,-56.0,-54.0,-64.0,-66.0,301
149,-44.0,-56.0,-65.0,-62.0,-65.0,301
150,-46.0,-51.0,-52.0,-68.0,-67.0,301
151,-47.0,-60.0,-51.0,-67.0,-69.0,301
152,-37.0,-56.0,-90,-68.0,-63.0,301
153,-33.0,-54.0,-59.0,-66.0,-70.0,301
154,-35.0,-50.0,-53.0,-71.0,-73.0,301
155,-27.0,-53.0,-49.0,-70.0,-62.0,301
156,-26.0,-59.0,-44.0,-65.0,-64.0,301
157,-28.0,-59.0,-50.0,-69.0,-62.0,301
158,-29.0,-61.0,-50.0,-62.0,-67.0,301
159,-28.0,-59.0,-53.0,-70.0,-62.0,301
160,-46.0,-46.0,-41.0,-67.0,-61.0,302
161,-52.0,-52.0,-61.0,-72.0,-76.0,302
162,-90,-49.0,-90,-62.0,-66.0,302
163,-45.0,-48.0,-90,-60.0,-68.0,302
164,-47.0,-54.0,-90,-90,-64.0,302
165,-46.0,-57.0,-41.0,-90,-63.0,302
166,-47.0,-58.0,-43.0,-90,-66.0,302
167,-47.0,-48.0,-47.0,-90,-64.0,302
168,-90,-55.0,-90,-66.0,-67.0,302
169,-90,-59.0,-42.0,-67.0,-60.0,302
170,-48.0,-51.0,-90,-71.0,-61.0,302
171,-90,-54.0,-90,-90,-65.0,302
172,-90,-51.0,-37.0,-74.0,-62.0,302
173,-90,-58.0,-90,-72.0,-57.0,302
174,-45.0,-53.0,-40.0,-65.0,-58.0,302
175,-47.0,-51.0,-42.0,-59.0,-62.0,302
176,-52.0,-50.0,-35.0,-68.0,-63.0,302
177,-54.0,-48.0,-38.0,-62.0,-64.0,302
178,-90,-52.0,-47.0,-60.0,-66.0,302
179,-56.0,-47.0,-41.0,-65.0,-69.0,302
180,-55.0,-50.0,-42.0,-62.0,-67.0,302
181,-44.0,-49.0,-47.0,-62.0,-66.0,302
182,-51.0,-51.0,-54.0,-62.0,-70.0,302
183,-46.0,-52.0,-56.0,-90,-66.0,302
184,-49.0,-48.0,-52.0,-64.0,-64.0,302
185,-41.0,-50.0,-50.0,-60.0,-65.0,302
186,-37.0,-53.0,-45.0,-64.0,-61.0,302
187,-44.0,-62.0,-51.0,-67.0,-68.0,302
188,-40.0,-48.0,-56.0,-62.0,-58.0,302
189,-50.0,-56.0,-40.0,-90,-66.0,302
190,-50.0,-57.0,-39.0,-90,-59.0,302
191,-46.0,-55.0,-45.0,-63.0,-55.0,302
192,-45.0,-53.0,-49.0,-63.0,-61.0,302
193,-42.0,-56.0,-50.0,-56.0,-58.0,302
194,-45.0,-53.0,-40.0,-75.0,-55.0,302
195,-45.0,-53.0,-38.0,-56.0,-59.0,302
196,-42.0,-58.0,-43.0,-61.0,-57.0,302
197,-43.0,-57.0,-43.0,-58.0,-60.0,302
198,-44.0,-52.0,-44.0,-64.0,-63.0,302
199,-40.0,-58.0,-90,-62.0,-60.0,302
200,-42.0,-54.0,-44.0,-63.0,-66.0,302
201,-40.0,-59.0,-43.0,-68.0,-64.0,302
202,-36.0,-55.0,-42.0,-67.0,-65.0,302
203,-38.0,-45.0,-42.0,-72.0,-68.0,302
204,-30.0,-52.0,-47.0,-71.0,-59.0,302
205,-40.0,-48.0,-46.0,-67.0,-65.0,302
206,-39.0,-49.0,-42.0,-59.0,-62.0,302
207,-41.0,-47.0,-38.0,-60.0,-62.0,302
208,-46.0,-49.0,-90,-61.0,-54.0,302
209,-49.0,-47.0,-47.0,-72.0,-62.0,302
210,-45.0,-49.0,-37.0,-56.0,-57.0,302
211,-43.0,-60.0,-44.0,-62.0,-61.0,302
212,-45.0,-48.0,-29.0,-59.0,-60.0,302
213,-49.0,-42.0,-90,-64.0,-58.0,302
214,-50.0,-48.0,-37.0,-62.0,-65.0,302
215,-36.0,-51.0,-47.0,-64.0,-60.0,302
216,-36.0,-56.0,-49.0,-68.0,-65.0,302
217,-47.0,-50.0,-49.0,-66.0,-60.0,302
218,-31.0,-50.0,-49.0,-63.0,-60.0,302
219,-90,-52.0,-90,-60.0,-69.0,302
220,-40.0,-57.0,-44.0,-64.0,-63.0,302
221,-44.0,-50.0,-90,-61.0,-61.0,302
222,-42.0,-50.0,-39.0,-60.0,-59.0,302
223,-47.0,-49.0,-90,-68.0,-65.0,302
224,-51.0,-50.0,-90,-67.0,-61.0,302
225,-48.0,-56.0,-28.0,-58.0,-60.0,302
226,-52.0,-59.0,-26.0,-71.0,-57.0,302
227,-49.0,-51.0,-33.0,-61.0,-57.0,302
228,-55.0,-55.0,-41.0,-62.0,-66.0,302
229,-45.0,-50.0,-43.0,-65.0,-68.0,302
230,-51.0,-50.0,-49.0,-58.0,-65.0,302
231,-54.0,-54.0,-46.0,-63.0,-64.0,302
232,-48.0,-52.0,-38.0,-67.0,-74.0,302
233,-40.0,-48.0,-47.0,-67.0,-65.0,302
234,-40.0,-56.0,-90,-63.0,-68.0,302
235,-43.0,-56.0,-51.0,-70.0,-67.0,302
236,-35.0,-52.0,-54.0,-68.0,-64.0,302
237,-33.0,-46.0,-43.0,-67.0,-63.0,302
238,-34.0,-52.0,-49.0,-71.0,-64.0,302
239,-40.0,-50.0,-48.0,-70.0,-64.0,302
240,-44.0,-57.0,-45.0,-63.0,-65.0,302
241,-48.0,-54.0,-37.0,-64.0,-56.0,302
242,-47.0,-64.0,-42.0,-69.0,-61.0,302
243,-47.0,-51.0,-43.0,-65.0,-61.0,302
244,-50.0,-55.0,-44.0,-64.0,-62.0,302
245,-43.0,-46.0,-90,-68.0,-71.0,302
246,-46.0,-49.0,-50.0,-66.0,-63.0,302
247,-49.0,-55.0,-42.0,-63.0,-73.0,302
248,-42.0,-53.0,-45.0,-65.0,-67.0,302
249,-48.0,-51.0,-45.0,-60.0,-67.0,302
250,-48.0,-58.0,-45.0,-71.0,-67.0,302
251,-44.0,-48.0,-59.0,-72.0,-69.0,302
252,-42.0,-47.0,-90,-70.0,-70.0,302
253,-90,-50.0,-56.0,-66.0,-65.0,302
254,-45.0,-42.0,-51.0,-73.0,-66.0,302
255,-44.0,-44.0,-50.0,-61.0,-68.0,302
256,-45.0,-43.0,-49.0,-66.0,-64.0,302
257,-47.0,-42.0,-48.0,-69.0,-64.0,302
258,-52.0,-42.0,-46.0,-69.0,-66.0,302
259,-50.0,-47.0,-44.0,-64.0,-64.0,302
260,-44.0,-52.0,-46.0,-66.0,-62.0,302
261,-47.0,-53.0,-49.0,-66.0,-63.0,302
262,-46.0,-50.0,-50.0,-57.0,-62.0,302
263,-48.0,-46.0,-45.0,-65.0,-68.0,302
264,-46.0,-57.0,-43.0,-65.0,-63.0,302
265,-45.0,-48.0,-43.0,-66.0,-66.0,302
266,-52.0,-48.0,-43.0,-64.0,-66.0,302
267,-55.0,-37.0,-41.0,-66.0,-66.0,302
268,-46.0,-41.0,-45.0,-61.0,-67.0,302
269,-46.0,-49.0,-45.0,-63.0,-66.0,302
270,-47.0,-49.0,-53.0,-63.0,-65.0,302
271,-51.0,-48.0,-51.0,-64.0,-67.0,302
272,-42.0,-53.0,-47.0,-64.0,-66.0,302
273,-51.0,-48.0,-48.0,-67.0,-70.0,302
274,-40.0,-44.0,-48.0,-63.0,-65.0,302
275,-42.0,-47.0,-47.0,-64.0,-74.0,302
276,-42.0,-48.0,-53.0,-66.0,-76.0,302
277,-47.0,-51.0,-47.0,-70.0,-64.0,302
278,-47.0,-50.0,-42.0,-66.0,-72.0,302
279,-58.0,-31.0,-47.0,-69.0,-73.0,302
280,-49.0,-33.0,-48.0,-59.0,-90,302
281,-50.0,-37.0,-90,-90,-67.0,302
282,-44.0,-39.0,-50.0,-64.0,-68.0,302
283,-45.0,-47.0,-49.0,-67.0,-62.0,302
284,-47.0,-49.0,-45.0,-68.0,-61.0,302
285,-44.0,-50.0,-47.0,-90,-66.0,302
286,-90,-47.0,-47.0,-65.0,-63.0,302
287,-38.0,-47.0,-53.0,-63.0,-66.0,302
288,-42.0,-45.0,-46.0,-73.0,-59.0,302
289,-51.0,-47.0,-41.0,-66.0,-60.0,302
290,-49.0,-48.0,-45.0,-61.0,-64.0,302
291,-40.0,-51.0,-90,-62.0,-58.0,302
292,-30.0,-52.0,-36.0,-64.0,-63.0,302
293,-33.0,-53.0,-45.0,-67.0,-61.0,302
294,-29.0,-51.0,-90,-65.0,-58.0,302
295,-36.0,-51.0,-90,-65.0,-62.0,302
296,-38.0,-56.0,-53.0,-66.0,-67.0,302
297,-38.0,-56.0,-51.0,-64.0,-62.0,302
298,-39.0,-53.0,-49.0,-65.0,-61.0,302
299,-44.0,-59.0,-49.0,-61.0,-60.0,302
300,-50.0,-60.0,-40.0,-66.0,-60.0,302
301,-41.0,-64.0,-49.0,-61.0,-58.0,302
302,-43.0,-50.0,-47.0,-63.0,-68.0,302
303,-40.0,-48.0,-44.0,-63.0,-58.0,302
304,-47.0,-49.0,-41.0,-64.0,-59.0,302
305,-41.0,-47.0,-41.0,-66.0,-63.0,302
306,-41.0,-52.0,-41.0,-61.0,-69.0,302
307,-48.0,-45.0,-36.0,-68.0,-60.0,302
308,-45.0,-45.0,-37.0,-60.0,-66.0,302
309,-47.0,-44.0,-38.0,-60.0,-66.0,302
310,-47.0,-47.0,-44.0,-61.0,-62.0,302
311,-48.0,-44.0,-45.0,-70.0,-64.0,302
312,-46.0,-45.0,-90,-60.0,-67.0,302
313,-46.0,-49.0,-39.0,-61.0,-70.0,302
314,-49.0,-49.0,-38.0,-90,-64.0,302
315,-47.0,-47.0,-41.0,-58.0,-59.0,302
316,-49.0,-51.0,-43.0,-67.0,-68.0,302
317,-44.0,-53.0,-38.0,-62.0,-59.0,302
318,-47.0,-49.0,-37.0,-62.0,-57.0,302
319,-44.0,-45.0,-47.0,-90,-59.0,302
320,-66.0,-67.0,-90,-90,-49.0,303
321,-58.0,-62.0,-38.0,-69.0,-47.0,303
322,-61.0,-61.0,-31.0,-68.0,-61.0,303
323,-57.0,-62.0,-40.0,-65.0,-59.0,303
324,-57.0,-66.0,-36.0,-65.0,-63.0,303
325,-56.0,-68.0,-36.0,-59.0,-59.0,303
326,-55.0,-62.0,-34.0,-59.0,-56.0,303
327,-54.0,-66.0,-38.0,-90,-57.0,303
328,-58.0,-67.0,-37.0,-61.0,-54.0,303
329,-61.0,-62.0,-36.0,-65.0,-62.0,303
330,-62.0,-59.0,-36.0,-57.0,-61.0,303
331,-58.0,-62.0,-42.0,-64.0,-67.0,303
332,-53.0,-57.0,-37.0,-67.0,-62.0,303
333,-51.0,-66.0,-42.0,-71.0,-57.0,303
334,-54.0,-60.0,-39.0,-63.0,-70.0,303
335,-69.0,-54.0,-38.0,-61.0,-60.0,303
336,-59.0,-54.0,-31.0,-62.0,-59.0,303
337,-58.0,-61.0,-33.0,-62.0,-57.0,303
338,-59.0,-57.0,-37.0,-65.0,-53.0,303
339,-57.0,-63.0,-34.0,-58.0,-58.0,303
340,-64.0,-64.0,-36.0,-61.0,-58.0,303
341,-55.0,-62.0,-37.0,-64.0,-55.0,303
342,-59.0,-67.0,-38.0,-71.0,-53.0,303
343,-59.0,-69.0,-36.0,-62.0,-54.0,303
344,-61.0,-61.0,-31.0,-67.0,-51.0,303
345,-65.0,-69.0,-39.0,-67.0,-51.0,303
346,-60.0,-65.0,-43.0,-57.0,-56.0,303
347,-43.0,-57.0,-36.0,-58.0,-54.0,303
348,-51.0,-56.0,-30.0,-90,-52.0,303
349,-58.0,-65.0,-28.0,-66.0,-50.0,303
350,-57.0,-60.0,-90,-65.0,-50.0,303
351,-48.0,-59.0,-37.0,-65.0,-49.0,303
352,-60.0,-56.0,-29.0,-59.0,-65.0,303
353,-53.0,-58.0,-39.0,-61.0,-61.0,303
354,-50.0,-55.0,-45.0,-68.0,-54.0,303
355,-56.0,-58.0,-38.0,-68.0,-53.0,303
356,-52.0,-55.0,-36.0,-64.0,-59.0,303
357,-46.0,-59.0,-33.0,-65.0,-54.0,303
358,-43.0,-62.0,-32.0,-66.0,-52.0,303
359,-48.0,-61.0,-43.0,-62.0,-53.0,303
360,-57.0,-64.0,-39.0,-55.0,-51.0,303
361,-51.0,-64.0,-39.0,-63.0,-52.0,303
362,-57.0,-60.0,-36.0,-66.0,-48.0,303
363,-68.0,-61.0,-33.0,-61.0,-56.0,303
364,-55.0,-59.0,-52.0,-59.0,-51.0,303
365,-49.0,-58.0,-29.0,-57.0,-48.0,303
366,-56.0,-56.0,-36.0,-64.0,-53.0,303
367,-49.0,-56.0,-46.0,-60.0,-51.0,303
368,-53.0,-63.0,-42.0,-65.0,-58.0,303
369,-54.0,-57.0,-31.0,-56.0,-58.0,303
370,-54.0,-64.0,-38.0,-55.0,-51.0,303
371,-49.0,-55.0,-40.0,-62.0,-64.0,303
372,-51.0,-58.0,-35.0,-57.0,-57.0,303
373,-50.0,-65.0,-38.0,-57.0,-58.0,303
374,-54.0,-58.0,-47.0,-62.0,-54.0,303
375,-51.0,-56.0,-37.0,-59.0,-55.0,303
376,-53.0,-56.0,-36.0,-63.0,-49.0,303
377,-59.0,-59.0,-27.0,-90,-51.0,303
378,-58.0,-59.0,-31.0,-63.0,-55.0,303
379,-53.0,-58.0,-32.0,-56.0,-46.0,303
380,-60.0,-55.0,-33.0,-56.0,-61.0,303
381,-60.0,-54.0,-38.0,-56.0,-48.0,303
382,-59.0,-59.0,-32.0,-51.0,-50.0,303
383,-52.0,-58.0,-37.0,-52.0,-52.0,303
384,-56.0,-57.0,-38.0,-54.0,-51.0,303
385,-60.0,-61.0,-33.0,-57.0,-58.0,303
386,-58.0,-62.0,-40.0,-54.0,-64.0,303
387,-54.0,-59.0,-28.0,-52.0,-56.0,303
388,-53.0,-55.0,-32.0,-52.0,-60.0,303
389,-58.0,-54.0,-32.0,-54.0,-58.0,303
390,-52.0,-69.0,-41.0,-62.0,-57.0,303
391,-57.0,-62.0,-34.0,-58.0,-61.0,303
392,-58.0,-60.0,-42.0,-51.0,-61.0,303
393,-56.0,-62.0,-57.0,-54.0,-58.0,303
394,-51.0,-58.0,-37.0,-55.0,-65.0,303
395,-59.0,-58.0,-32.0,-62.0,-67.0,303
396,-60.0,-59.0,-35.0,-53.0,-51.0,303
397,-55.0,-58.0,-43.0,-61.0,-56.0,303
398,-63.0,-57.0,-30.0,-64.0,-53.0,303
399,-60.0,-59.0,-44.0,-56.0,-52.0,303
400,-54.0,-58.0,-40.0,-62.0,-54.0,303
401,-53.0,-58.0,-42.0,-52.0,-53.0,303
402,-51.0,-62.0,-47.0,-60.0,-54.0,303
403,-49.0,-52.0,-36.0,-58.0,-55.0,303
404,-63.0,-57.0,-33.0,-61.0,-61.0,303
405,-48.0,-60.0,-42.0,-59.0,-65.0,303
406,-60.0,-58.0,-43.0,-56.0,-56.0,303
407,-53.0,-61.0,-51.0,-59.0,-60.0,303
408,-57.0,-51.0,-35.0,-62.0,-64.0,303
409,-53.0,-57.0,-39.0,-63.0,-52.0,303
410,-53.0,-68.0,-31.0,-57.0,-57.0,303
411,-64.0,-64.0,-39.0,-54.0,-54.0,303
412,-54.0,-57.0,-45.0,-57.0,-59.0,303
413,-60.0,-59.0,-53.0,-54.0,-57.0,303
414,-54.0,-58.0,-45.0,-54.0,-59.0,303
415,-58.0,-56.0,-42.0,-56.0,-65.0,303
416,-62.0,-47.0,-35.0,-59.0,-54.0,303
417,-56.0,-48.0,-36.0,-61.0,-60.0,303
418,-53.0,-50.0,-34.0,-61.0,-57.0,303
419,-56.0,-52.0,-41.0,-54.0,-60.0,303
420,-49.0,-45.0,-41.0,-57.0,-59.0,303
421,-49.0,-47.0,-40.0,-64.0,-57.0,303
422,-53.0,-49.0,-38.0,-64.0,-63.0,303
423,-49.0,-54.0,-33.0,-63.0,-63.0,303
424,-54.0,-63.0,-44.0,-61.0,-56.0,303
425,-47.0,-54.0,-41.0,-53.0,-66.0,303
426,-58.0,-50.0,-37.0,-55.0,-60.0,303
427,-51.0,-58.0,-43.0,-90,-73.0,303
428,-62.0,-56.0,-48.0,-52.0,-61.0,303
429,-53.0,-54.0,-44.0,-56.0,-57.0,303
430,-60.0,-57.0,-48.0,-58.0,-60.0,303
431,-57.0,-56.0,-90,-55.0,-54.0,303
432,-53.0,-54.0,-41.0,-55.0,-56.0,303
433,-56.0,-59.0,-40.0,-54.0,-55.0,303
434,-56.0,-60.0,-44.0,-55.0,-57.0,303
435,-56.0,-61.0,-50.0,-57.0,-59.0,303
436,-58.0,-60.0,-43.0,-58.0,-52.0,303
437,-57.0,-55.0,-46.0,-59.0,-56.0,303
438,-58.0,-56.0,-41.0,-62.0,-63.0,303
439,-53.0,-49.0,-45.0,-51.0,-65.0,303
440,-49.0,-53.0,-36.0,-54.0,-60.0,303
441,-51.0,-56.0,-42.0,-56.0,-60.0,303
442,-56.0,-65.0,-90,-56.0,-59.0,303
443,-58.0,-49.0,-45.0,-65.0,-59.0,303
444,-90,-45.0,-90,-90,-58.0,303
445,-54.0,-44.0,-42.0,-58.0,-63.0,303
446,-52.0,-52.0,-45.0,-65.0,-63.0,303
447,-55.0,-57.0,-90,-64.0,-69.0,303
448,-56.0,-58.0,-45.0,-62.0,-60.0,303
449,-53.0,-53.0,-45.0,-73.0,-63.0,303
450,-51.0,-58.0,-49.0,-63.0,-64.0,303
451,-52.0,-60.0,-46.0,-55.0,-65.0,303
452,-53.0,-56.0,-42.0,-59.0,-60.0,303
453,-57.0,-54.0,-40.0,-60.0,-55.0,303
454,-50.0,-58.0,-40.0,-63.0,-58.0,303
455,-55.0,-64.0,-40.0,-61.0,-57.0,303
456,-59.0,-56.0,-41.0,-68.0,-58.0,303
457,-57.0,-59.0,-47.0,-56.0,-59.0,303
458,-61.0,-59.0,-44.0,-58.0,-59.0,303
459,-61.0,-64.0,-43.0,-56.0,-58.0,303
460,-63.0,-57.0,-40.0,-55.0,-55.0,303
461,-90,-66.0,-90,-57.0,-58.0,303
462,-61.0,-56.0,-38.0,-58.0,-58.0,303
463,-61.0,-62.0,-46.0,-60.0,-63.0,303
464,-55.0,-59.0,-45.0,-58.0,-90,303
465,-57.0,-56.0,-45.0,-59.0,-57.0,303
466,-56.0,-60.0,-90,-61.0,-59.0,303
467,-56.0,-57.0,-38.0,-62.0,-57.0,303
468,-90,-57.0,-35.0,-61.0,-60.0,303
469,-52.0,-50.0,-42.0,-64.0,-58.0,303
470,-58.0,-47.0,-41.0,-61.0,-56.0,303
471,-57.0,-58.0,-41.0,-60.0,-58.0,303
472,-61.0,-55.0,-36.0,-60.0,-57.0,303
473,-58.0,-58.0,-36.0,-60.0,-57.0,303
474,-90,-56.0,-90,-90,-58.0,303
475,-57.0,-55.0,-27.0,-61.0,-57.0,303
476,-54.0,-57.0,-29.0,-50.0,-55.0,303
477,-53.0,-59.0,-38.0,-55.0,-60.0,303
478,-45.0,-57.0,-36.0,-57.0,-63.0,303
479,-49.0,-58.0,-44.0,-61.0,-58.0,303
480,-45.0,-64.0,-37.0,-63.0,-58.0,303
481,-51.0,-56.0,-37.0,-63.0,-61.0,303
482,-49.0,-62.0,-44.0,-70.0,-55.0,303
483,-54.0,-58.0,-34.0,-65.0,-58.0,303
484,-46.0,-57.0,-43.0,-63.0,-52.0,303
485,-51.0,-58.0,-38.0,-61.0,-55.0,303
486,-50.0,-58.0,-43.0,-63.0,-55.0,303
487,-55.0,-59.0,-31.0,-68.0,-61.0,303
488,-53.0,-58.0,-36.0,-60.0,-61.0,303
489,-64.0,-56.0,-41.0,-61.0,-57.0,303
490,-56.0,-56.0,-45.0,-56.0,-56.0,303
491,-63.0,-52.0,-37.0,-63.0,-60.0,303
492,-58.0,-52.0,-34.0,-61.0,-61.0,303
493,-57.0,-57.0,-45.0,-63.0,-60.0,303
494,-54.0,-59.0,-41.0,-56.0,-57.0,303
495,-53.0,-54.0,-47.0,-63.0,-59.0,303
496,-60.0,-55.0,-48.0,-63.0,-57.0,303
497,-60.0,-60.0,-46.0,-44.0,-50.0,304
498,-90,-65.0,-90,-57.0,-49.0,304
499,-68.0,-65.0,-45.0,-56.0,-51.0,304
500,-70.0,-67.0,-90,-62.0,-48.0,304
501,-72.0,-64.0,-90,-90,-44.0,304
502,-68.0,-68.0,-54.0,-62.0,-49.0,304
503,-67.0,-65.0,-90,-55.0,-49.0,304
504,-68.0,-68.0,-90,-90,-50.0,304
505,-90,-72.0,-90,-90,-51.0,304
506,-66.0,-69.0,-90,-90,-47.0,304
507,-61.0,-71.0,-90,-90,-51.0,304
508,-90,-66.0,-51.0,-63.0,-51.0,304
509,-90,-63.0,-90,-55.0,-54.0,304
510,-61.0,-67.0,-45.0,-63.0,-48.0,304
511,-90,-62.0,-90,-63.0,-50.0,304
512,-64.0,-61.0,-90,-57.0,-53.0,304
513,-61.0,-63.0,-90,-90,-50.0,304
514,-90,-64.0,-90,-62.0,-50.0,304
515,-67.0,-67.0,-90,-60.0,-51.0,304
516,-67.0,-66.0,-90,-53.0,-52.0,304
517,-90,-63.0,-90,-60.0,-53.0,304
518,-66.0,-70.0,-51.0,-62.0,-50.0,304
519,-63.0,-75.0,-51.0,-58.0,-52.0,304
520,-65.0,-70.0,-90,-90,-46.0,304
521,-67.0,-76.0,-48.0,-59.0,-43.0,304
522,-64.0,-69.0,-90,-66.0,-43.0,304
523,-68.0,-69.0,-50.0,-61.0,-48.0,304
524,-90,-69.0,-47.0,-57.0,-42.0,304
525,-90,-65.0,-52.0,-60.0,-47.0,304
526,-58.0,-67.0,-90,-64.0,-46.0,304
527,-59.0,-66.0,-90,-70.0,-44.0,304
528,-61.0,-66.0,-90,-55.0,-43.0,304
529,-90,-64.0,-41.0,-56.0,-44.0,304
530,-60.0,-65.0,-43.0,-90,-43.0,304
531,-90,-70.0,-46.0,-55.0,-44.0,304
532,-60.0,-67.0,-43.0,-54.0,-43.0,304
533,-57.0,-68.0,-42.0,-63.0,-46.0,304
534,-58.0,-64.0,-49.0,-61.0,-53.0,304
535,-59.0,-69.0,-42.0,-64.0,-47.0,304
536,-55.0,-62.0,-36.0,-56.0,-48.0,304
537,-55.0,-62.0,-46.0,-61.0,-53.0,304
538,-63.0,-64.0,-37.0,-90,-48.0,304
539,-62.0,-65.0,-35.0,-62.0,-51.0,304
540,-90,-59.0,-42.0,-60.0,-46.0,304
541,-60.0,-57.0,-38.0,-90,-51.0,304
542,-63.0,-67.0,-40.0,-59.0,-51.0,304
543,-65.0,-62.0,-42.0,-61.0,-48.0,304
544,-62.0,-65.0,-44.0,-61.0,-51.0,304
545,-65.0,-69.0,-38.0,-59.0,-50.0,304
546,-65.0,-69.0,-42.0,-58.0,-48.0,304
547,-64.0,-64.0,-42.0,-56.0,-50.0,304
548,-61.0,-64.0,-39.0,-54.0,-48.0,304
549,-57.0,-66.0,-47.0,-56.0,-46.0,304
550,-67.0,-66.0,-38.0,-57.0,-45.0,304
551,-63.0,-69.0,-37.0,-55.0,-44.0,304
552,-64.0,-64.0,-38.0,-54.0,-48.0,304
553,-61.0,-65.0,-43.0,-58.0,-46.0,304
554,-62.0,-64.0,-51.0,-58.0,-42.0,304
555,-57.0,-72.0,-39.0,-55.0,-41.0,304
556,-90,-70.0,-43.0,-58.0,-39.0,304
557,-66.0,-69.0,-90,-90,-39.0,304
558,-62.0,-68.0,-90,-58.0,-39.0,304
559,-66.0,-66.0,-43.0,-58.0,-43.0,304
560,-65.0,-56.0,-90,-57.0,-46.0,304
561,-59.0,-59.0,-43.0,-58.0,-49.0,304
562,-67.0,-61.0,-90,-59.0,-46.0,304
563,-90,-63.0,-90,-50.0,-45.0,304
564,-62.0,-61.0,-90,-53.0,-46.0,304
565,-62.0,-66.0,-90,-52.0,-48.0,304
566,-56.0,-65.0,-37.0,-60.0,-46.0,304
567,-60.0,-62.0,-40.0,-55.0,-46.0,304
568,-61.0,-57.0,-44.0,-54.0,-62.0,304
569,-59.0,-57.0,-90,-54.0,-49.0,304
570,-59.0,-56.0,-38.0,-58.0,-48.0,304
571,-90,-64.0,-90,-90,-50.0,304
572,-60.0,-63.0,-42.0,-52.0,-51.0,304
573,-66.0,-68.0,-41.0,-90,-46.0,304
574,-56.0,-65.0,-46.0,-60.0,-48.0,304
575,-59.0,-58.0,-44.0,-50.0,-45.0,304
576,-67.0,-59.0,-38.0,-51.0,-47.0,304
577,-66.0,-59.0,-46.0,-50.0,-48.0,304
578,-58.0,-58.0,-44.0,-90,-48.0,304
579,-61.0,-61.0,-42.0,-47.0,-50.0,304
580,-60.0,-61.0,-45.0,-49.0,-40.0,304
581,-54.0,-60.0,-46.0,-58.0,-44.0,304
582,-58.0,-65.0,-48.0,-55.0,-44.0,304
583,-63.0,-59.0,-43.0,-64.0,-44.0,304
584,-63.0,-60.0,-90,-60.0,-40.0,304
585,-64.0,-66.0,-53.0,-54.0,-48.0,304
586,-60.0,-66.0,-55.0,-54.0,-46.0,304
587,-58.0,-64.0,-50.0,-59.0,-43.0,304
588,-57.0,-69.0,-53.0,-56.0,-46.0,304
589,-63.0,-65.0,-52.0,-50.0,-53.0,304
590,-68.0,-64.0,-43.0,-55.0,-50.0,304
591,-67.0,-62.0,-44.0,-56.0,-48.0,304
592,-64.0,-72.0,-46.0,-50.0,-51.0,304
593,-62.0,-69.0,-51.0,-49.0,-48.0,304
594,-58.0,-74.0,-47.0,-65.0,-47.0,304
595,-59.0,-67.0,-51.0,-54.0,-49.0,304
596,-56.0,-59.0,-47.0,-58.0,-49.0,304
597,-62.0,-67.0,-44.0,-57.0,-53.0,304
598,-65.0,-64.0,-50.0,-54.0,-46.0,304
599,-60.0,-65.0,-45.0,-54.0,-47.0,304
600,-60.0,-62.0,-45.0,-54.0,-57.0,304
601,-65.0,-66.0,-51.0,-54.0,-51.0,304
602,-58.0,-66.0,-90,-50.0,-51.0,304
603,-60.0,-63.0,-54.0,-57.0,-48.0,304
604,-58.0,-63.0,-35.0,-52.0,-53.0,304
605,-62.0,-62.0,-47.0,-58.0,-54.0,304
606,-61.0,-58.0,-50.0,-57.0,-55.0,304
607,-67.0,-58.0,-90,-90,-52.0,304
608,-65.0,-62.0,-40.0,-58.0,-50.0,304
609,-62.0,-63.0,-52.0,-54.0,-52.0,304
610,-90,-58.0,-90,-90,-52.0,304
611,-59.0,-63.0,-45.0,-54.0,-46.0,304
612,-59.0,-61.0,-49.0,-55.0,-51.0,304
613,-65.0,-67.0,-49.0,-90,-48.0,304
614,-90,-66.0,-56.0,-90,-43.0,304
615,-90,-62.0,-50.0,-52.0,-42.0,304
616,-61.0,-65.0,-47.0,-48.0,-41.0,304
617,-69.0,-62.0,-46.0,-49.0,-40.0,304
618,-61.0,-64.0,-48.0,-52.0,-41.0,304
619,-63.0,-68.0,-45.0,-90,-41.0,304
620,-65.0,-90,-90,-48.0,-41.0,304
621,-55.0,-64.0,-52.0,-44.0,-44.0,304
622,-58.0,-62.0,-51.0,-48.0,-47.0,304
623,-62.0,-59.0,-51.0,-50.0,-46.0,304
624,-65.0,-66.0,-47.0,-49.0,-39.0,304
625,-60.0,-64.0,-43.0,-49.0,-41.0,304
626,-55.0,-74.0,-55.0,-43.0,-49.0,304
627,-63.0,-66.0,-47.0,-46.0,-46.0,304
628,-61.0,-65.0,-47.0,-46.0,-42.0,304
629,-90,-61.0,-49.0,-45.0,-55.0,304
630,-62.0,-64.0,-47.0,-45.0,-48.0,304
631,-58.0,-64.0,-90,-42.0,-49.0,304
632,-65.0,-66.0,-50.0,-50.0,-57.0,304
633,-56.0,-67.0,-46.0,-55.0,-48.0,304
634,-56.0,-63.0,-49.0,-50.0,-53.0,304
635,-63.0,-55.0,-49.0,-48.0,-56.0,304
636,-61.0,-57.0,-45.0,-53.0,-49.0,304
637,-57.0,-59.0,-44.0,-51.0,-53.0,304
638,-66.0,-69.0,-38.0,-56.0,-57.0,304
639,-57.0,-68.0,-43.0,-49.0,-48.0,304
640,-64.0,-62.0,-46.0,-47.0,-45.0,304
641,-57.0,-64.0,-46.0,-49.0,-47.0,304
642,-62.0,-66.0,-48.0,-63.0,-43.0,304
643,-90,-64.0,-90,-90,-45.0,304
644,-59.0,-65.0,-50.0,-56.0,-48.0,304
645,-61.0,-66.0,-48.0,-48.0,-43.0,304
646,-63.0,-62.0,-46.0,-52.0,-47.0,304
647,-64.0,-64.0,-48.0,-47.0,-45.0,304
648,-68.0,-62.0,-47.0,-47.0,-44.0,304
649,-58.0,-70.0,-55.0,-49.0,-46.0,304
650,-65.0,-63.0,-46.0,-49.0,-61.0,304
651,-59.0,-64.0,-51.0,-48.0,-46.0,304
652,-60.0,-65.0,-43.0,-46.0,-45.0,304
653,-64.0,-65.0,-55.0,-49.0,-44.0,304
654,-90,-68.0,-52.0,-45.0,-45.0,304
655,-61.0,-74.0,-48.0,-54.0,-50.0,304
656,-63.0,-75.0,-90,-90,-45.0,304
657,-63.0,-63.0,-49.0,-45.0,-49.0,304
658,-61.0,-63.0,-43.0,-45.0,-47.0,304
659,-62.0,-68.0,-46.0,-47.0,-49.0,304
660,-59.0,-65.0,-54.0,-49.0,-46.0,304
661,-57.0,-64.0,-48.0,-51.0,-47.0,304
662,-57.0,-64.0,-46.0,-55.0,-54.0,304
663,-58.0,-68.0,-46.0,-53.0,-45.0,304
664,-60.0,-59.0,-42.0,-52.0,-45.0,304
665,-65.0,-62.0,-43.0,-64.0,-45.0,304
666,-55.0,-65.0,-39.0,-55.0,-44.0,304
667,-60.0,-65.0,-40.0,-52.0,-47.0,304
668,-61.0,-66.0,-42.0,-53.0,-52.0,304
669,-58.0,-67.0,-41.0,-59.0,-45.0,304
670,-68.0,-71.0,-58.0,-52.0,-47.0,305
671,-90,-79.0,-62.0,-45.0,-44.0,305
672,-71.0,-76.0,-57.0,-49.0,-40.0,305
673,-70.0,-79.0,-57.0,-47.0,-39.0,305
674,-90,-84.0,-90,-51.0,-42.0,305
675,-90,-78.0,-55.0,-45.0,-38.0,305
676,-90,-74.0,-90,-49.0,-32.0,305
677,-90,-72.0,-54.0,-51.0,-39.0,305
678,-68.0,-69.0,-58.0,-52.0,-42.0,305
679,-90,-76.0,-90,-90,-44.0,305
680,-90,-76.0,-90,-90,-47.0,305
681,-64.0,-68.0,-90,-90,-46.0,305
682,-90,-73.0,-90,-52.0,-50.0,305
683,-90,-72.0,-90,-51.0,-36.0,305
684,-62.0,-69.0,-90,-90,-41.0,305
685,-90,-69.0,-51.0,-58.0,-45.0,305
686,-65.0,-73.0,-54.0,-50.0,-46.0,305
687,-90,-73.0,-55.0,-55.0,-34.0,305
688,-90,-72.0,-90,-90,-37.0,305
689,-67.0,-67.0,-90,-58.0,-31.0,305
690,-72.0,-72.0,-59.0,-51.0,-41.0,305
691,-90,-79.0,-58.0,-55.0,-42.0,305
692,-90,-70.0,-90,-90,-37.0,305
693,-75.0,-75.0,-90,-55.0,-39.0,305
694,-69.0,-72.0,-57.0,-53.0,-40.0,305
695,-71.0,-73.0,-90,-56.0,-39.0,305
696,-69.0,-74.0,-90,-90,-40.0,305
697,-69.0,-73.0,-59.0,-55.0,-41.0,305
698,-57.0,-67.0,-52.0,-57.0,-42.0,305
699,-68.0,-71.0,-56.0,-90,-38.0,305
700,-90,-73.0,-90,-90,-39.0,305
701,-79.0,-66.0,-53.0,-46.0,-35.0,305
702,-90,-64.0,-90,-44.0,-40.0,305
703,-68.0,-68.0,-45.0,-90,-45.0,305
704,-68.0,-67.0,-48.0,-67.0,-44.0,305
705,-90,-67.0,-57.0,-58.0,-45.0,305
706,-68.0,-74.0,-58.0,-49.0,-47.0,305
707,-59.0,-67.0,-54.0,-59.0,-38.0,305
708,-56.0,-71.0,-90,-62.0,-43.0,305
709,-61.0,-69.0,-90,-64.0,-42.0,305
710,-70.0,-78.0,-55.0,-55.0,-41.0,305
711,-70.0,-69.0,-47.0,-56.0,-38.0,305
712,-68.0,-67.0,-90,-58.0,-42.0,305
713,-90,-74.0,-90,-55.0,-48.0,305
714,-68.0,-75.0,-90,-50.0,-44.0,305
715,-64.0,-72.0,-90,-46.0,-42.0,305
716,-90,-75.0,-90,-90,-45.0,305
717,-63.0,-68.0,-46.0,-90,-43.0,305
718,-58.0,-74.0,-48.0,-45.0,-33.0,305
719,-68.0,-72.0,-90,-48.0,-36.0,305
720,-90,-71.0,-90,-46.0,-40.0,305
721,-69.0,-71.0,-57.0,-40.0,-38.0,305
722,-69.0,-77.0,-49.0,-47.0,-42.0,305
723,-64.0,-72.0,-53.0,-60.0,-38.0,305
724,-90,-75.0,-57.0,-56.0,-40.0,305
725,-69.0,-78.0,-54.0,-51.0,-44.0,305
726,-69.0,-73.0,-60.0,-53.0,-44.0,305
727,-56.0,-70.0,-56.0,-52.0,-28.0,305
728,-62.0,-69.0,-55.0,-42.0,-38.0,305
729,-63.0,-69.0,-90,-90,-31.0,305
730,-67.0,-70.0,-52.0,-53.0,-39.0,305
731,-62.0,-73.0,-49.0,-59.0,-44.0,305
732,-63.0,-75.0,-51.0,-48.0,-47.0,305
733,-69.0,-75.0,-48.0,-48.0,-38.0,305
734,-65.0,-70.0,-90,-47.0,-87.0,305
735,-63.0,-77.0,-47.0,-54.0,-41.0,305
736,-66.0,-66.0,-53.0,-56.0,-40.0,305
737,-90,-68.0,-54.0,-61.0,-31.0,305
738,-90,-69.0,-47.0,-58.0,-33.0,305
739,-90,-63.0,-90,-90,-33.0,305
740,-65.0,-63.0,-50.0,-49.0,-45.0,305
741,-66.0,-71.0,-57.0,-58.0,-38.0,305
742,-66.0,-72.0,-59.0,-46.0,-45.0,305
743,-65.0,-73.0,-56.0,-59.0,-42.0,305
744,-64.0,-72.0,-47.0,-47.0,-40.0,305
745,-67.0,-72.0,-52.0,-51.0,-39.0,305
746,-63.0,-68.0,-50.0,-57.0,-39.0,305
747,-61.0,-70.0,-54.0,-48.0,-44.0,305
748,-65.0,-68.0,-52.0,-42.0,-42.0,305
749,-67.0,-71.0,-46.0,-45.0,-45.0,305
750,-65.0,-75.0,-51.0,-48.0,-41.0,305
751,-67.0,-70.0,-57.0,-49.0,-38.0,305
752,-66.0,-68.0,-56.0,-43.0,-41.0,305
753,-67.0,-68.0,-58.0,-43.0,-46.0,305
754,-90,-75.0,-90,-55.0,-41.0,305
755,-67.0,-65.0,-90,-46.0,-51.0,305
756,-90,-71.0,-90,-90,-53.0,305
757,-63.0,-70.0,-52.0,-50.0,-40.0,305
758,-61.0,-69.0,-90,-39.0,-39.0,305
759,-90,-69.0,-90,-36.0,-38.0,305
760,-65.0,-72.0,-90,-38.0,-40.0,305
761,-90,-73.0,-90,-90,-41.0,305
762,-67.0,-71.0,-52.0,-57.0,-38.0,305
763,-90,-75.0,-90,-90,-40.0,305
764,-90,-75.0,-90,-90,-36.0,305
765,-67.0,-70.0,-57.0,-53.0,-31.0,305
766,-63.0,-69.0,-55.0,-52.0,-31.0,305
767,-90,-72.0,-44.0,-53.0,-39.0,305
768,-68.0,-70.0,-90,-90,-33.0,305
769,-67.0,-68.0,-90,-46.0,-39.0,305
770,-90,-69.0,-90,-47.0,-45.0,305
771,-61.0,-67.0,-54.0,-46.0,-43.0,305
772,-57.0,-63.0,-63.0,-90,-44.0,305
773,-67.0,-68.0,-55.0,-51.0,-49.0,305
774,-90,-71.0,-58.0,-90,-41.0,305
775,-68.0,-68.0,-90,-58.0,-40.0,305
776,-90,-71.0,-90,-51.0,-38.0,305
777,-65.0,-70.0,-90,-54.0,-49.0,305
778,-90,-70.0,-90,-90,-45.0,305
779,-65.0,-68.0,-90,-55.0,-43.0,305
780,-66.0,-70.0,-90,-52.0,-43.0,305
781,-68.0,-72.0,-52.0,-46.0,-50.0,305
782,-63.0,-69.0,-53.0,-41.0,-39.0,305
783,-73.0,-65.0,-59.0,-47.0,-37.0,305
784,-90,-67.0,-59.0,-46.0,-42.0,305
785,-66.0,-67.0,-58.0,-42.0,-41.0,305
786,-59.0,-73.0,-90,-90,-46.0,305
787,-60.0,-64.0,-90,-50.0,-47.0,305
788,-65.0,-68.0,-59.0,-50.0,-54.0,305
789,-63.0,-65.0,-52.0,-52.0,-41.0,305
790,-68.0,-74.0,-90,-90,-52.0,305
791,-90,-66.0,-90,-90,-41.0,305
792,-63.0,-70.0,-90,-90,-45.0,305
793,-64.0,-70.0,-90,-90,-49.0,305
794,-90,-70.0,-90,-90,-46.0,305
795,-67.0,-64.0,-90,-46.0,-48.0,305
796,-90,-67.0,-90,-90,-42.0,305
797,-90,-65.0,-90,-90,-41.0,305
798,-69.0,-67.0,-90,-90,-52.0,305
799,-65.0,-68.0,-90,-42.0,-45.0,305
800,-72.0,-90,-56.0,-37.0,-45.0,305
801,-90,-66.0,-90,-90,-45.0,305
802,-90,-65.0,-90,-90,-43.0,305
803,-65.0,-70.0,-52.0,-48.0,-48.0,305
804,-63.0,-69.0,-90,-37.0,-42.0,305
805,-90,-69.0,-90,-90,-42.0,305
806,-90,-67.0,-90,-41.0,-40.0,305
807,-90,-73.0,-90,-90,-43.0,305
808,-71.0,-65.0,-90,-90,-50.0,305
809,-90,-66.0,-90,-90,-42.0,305
810,-68.0,-69.0,-90,-90,-46.0,305
811,-90,-74.0,-90,-90,-48.0,305
812,-68.0,-76.0,-90,-49.0,-45.0,305
813,-90,-74.0,-90,-90,-44.0,305
814,-71.0,-74.0,-90,-90,-40.0,305
815,-66.0,-65.0,-90,-90,-52.0,305
816,-63.0,-75.0,-90,-90,-50.0,305
817,-90,-70.0,-90,-90,-49.0,305
818,-90,-82.0,-90,-46.0,-43.0,305
819,-63.0,-76.0,-90,-57.0,-42.0,305
820,-90,-68.0,-90,-44.0,-43.0,305
821,-90,-66.0,-90,-46.0,-42.0,305
822,-90,-70.0,-90,-90,-32.0,305
823,-60.0,-74.0,-52.0,-50.0,-27.0,305
824,-65.0,-70.0,-90,-42.0,-33.0,305
825,-90,-74.0,-90,-48.0,-46.0,305
826,-62.0,-66.0,-90,-90,-41.0,305
827,-62.0,-72.0,-90,-45.0,-52.0,305
828,-90,-68.0,-90,-90,-41.0,305
829,-90,-70.0,-90,-44.0,-40.0,305
830,-63.0,-67.0,-90,-51.0,-45.0,305
831,-65.0,-74.0,-90,-49.0,-42.0,305
832,-90,-69.0,-90,-90,-44.0,305
833,-90,-69.0,-90,-90,-43.0,305
834,-90,-65.0,-90,-36.0,-46.0,305
835,-90,-69.0,-90,-38.0,-43.0,305
836,-90,-66.0,-90,-44.0,-44.0,305
837,-90,-65.0,-90,-54.0,-44.0,305
838,-90,-66.0,-90,-90,-90,305
839,-90,-72.0,-90,-90,-35.0,305
840,-90,-40.0,-90,-59.0,-76.0,306
841,-46.0,-46.0,-55.0,-50.0,-75.0,306
842,-56.0,-40.0,-58.0,-50.0,-74.0,306
843,-64.0,-41.0,-61.0,-58.0,-74.0,306
844,-64.0,-41.0,-59.0,-59.0,-73.0,306
845,-51.0,-34.0,-90,-90,-75.0,306
846,-51.0,-40.0,-51.0,-51.0,-77.0,306
847,-52.0,-39.0,-57.0,-54.0,-71.0,306
848,-57.0,-41.0,-61.0,-54.0,-78.0,306
849,-68.0,-46.0,-55.0,-54.0,-77.0,306
850,-68.0,-42.0,-44.0,-58.0,-72.0,306
851,-57.0,-43.0,-51.0,-52.0,-74.0,306
852,-58.0,-32.0,-49.0,-60.0,-75.0,306
853,-63.0,-42.0,-62.0,-53.0,-75.0,306
854,-51.0,-38.0,-59.0,-55.0,-74.0,306
855,-53.0,-37.0,-60.0,-57.0,-77.0,306
856,-52.0,-32.0,-54.0,-56.0,-79.0,306
857,-53.0,-38.0,-60.0,-67.0,-74.0,306
858,-55.0,-41.0,-59.0,-53.0,-73.0,306
859,-52.0,-43.0,-57.0,-60.0,-78.0,306
860,-51.0,-45.0,-67.0,-61.0,-80.0,306
861,-55.0,-41.0,-68.0,-54.0,-80.0,306
862,-55.0,-35.0,-61.0,-57.0,-72.0,306
863,-52.0,-37.0,-53.0,-61.0,-69.0,306
864,-58.0,-46.0,-57.0,-61.0,-77.0,306
865,-54.0,-42.0,-63.0,-52.0,-80.0,306
866,-56.0,-36.0,-54.0,-52.0,-74.0,306
867,-60.0,-40.0,-58.0,-46.0,-71.0,306
868,-55.0,-41.0,-66.0,-48.0,-72.0,306
869,-61.0,-39.0,-57.0,-48.0,-73.0,306
870,-59.0,-41.0,-63.0,-50.0,-73.0,306
871,-54.0,-38.0,-53.0,-59.0,-73.0,306
872,-66.0,-42.0,-57.0,-57.0,-75.0,306
873,-57.0,-37.0,-59.0,-60.0,-75.0,306
874,-58.0,-36.0,-56.0,-59.0,-74.0,306
875,-54.0,-33.0,-57.0,-55.0,-73.0,306
876,-58.0,-34.0,-52.0,-65.0,-75.0,306
877,-56.0,-31.0,-54.0,-72.0,-78.0,306
878,-55.0,-33.0,-54.0,-69.0,-80.0,306
879,-54.0,-42.0,-59.0,-68.0,-84.0,306
880,-57.0,-42.0,-55.0,-68.0,-75.0,306
881,-54.0,-34.0,-56.0,-68.0,-83.0,306
882,-53.0,-46.0,-55.0,-66.0,-75.0,306
883,-47.0,-48.0,-55.0,-64.0,-76.0,306
884,-54.0,-41.0,-60.0,-62.0,-73.0,306
885,-57.0,-38.0,-56.0,-56.0,-77.0,306
886,-56.0,-35.0,-57.0,-59.0,-72.0,306
887,-58.0,-34.0,-58.0,-61.0,-75.0,306
888,-57.0,-29.0,-57.0,-64.0,-74.0,306
889,-60.0,-27.0,-49.0,-63.0,-72.0,306
890,-60.0,-28.0,-51.0,-63.0,-71.0,306
891,-64.0,-42.0,-50.0,-59.0,-73.0,306
892,-71.0,-47.0,-59.0,-66.0,-77.0,306
893,-64.0,-44.0,-57.0,-64.0,-73.0,306
894,-61.0,-32.0,-62.0,-66.0,-77.0,306
895,-53.0,-37.0,-52.0,-63.0,-78.0,306
896,-58.0,-30.0,-56.0,-63.0,-78.0,306
897,-55.0,-31.0,-59.0,-60.0,-73.0,306
898,-56.0,-40.0,-61.0,-61.0,-75.0,306
899,-57.0,-31.0,-56.0,-63.0,-74.0,306
900,-60.0,-50.0,-55.0,-72.0,-77.0,306
901,-54.0,-44.0,-55.0,-66.0,-75.0,306
902,-55.0,-45.0,-65.0,-66.0,-81.0,306
903,-50.0,-48.0,-75.0,-68.0,-80.0,306
904,-55.0,-41.0,-59.0,-58.0,-70.0,306
905,-57.0,-41.0,-50.0,-60.0,-73.0,306
906,-54.0,-42.0,-57.0,-68.0,-75.0,306
907,-59.0,-33.0,-51.0,-65.0,-73.0,306
908,-51.0,-50.0,-49.0,-62.0,-73.0,306
909,-58.0,-30.0,-52.0,-63.0,-74.0,306
910,-56.0,-38.0,-52.0,-65.0,-79.0,306
911,-63.0,-37.0,-57.0,-58.0,-75.0,306
912,-60.0,-33.0,-58.0,-59.0,-78.0,306
913,-60.0,-32.0,-66.0,-55.0,-76.0,306
914,-63.0,-33.0,-57.0,-57.0,-69.0,306
915,-62.0,-37.0,-58.0,-57.0,-72.0,306
916,-63.0,-47.0,-90,-55.0,-68.0,306
917,-90,-52.0,-90,-54.0,-68.0,306
918,-90,-47.0,-90,-55.0,-67.0,306
919,-64.0,-58.0,-90,-57.0,-69.0,306
920,-90,-58.0,-46.0,-53.0,-77.0,306
921,-68.0,-57.0,-50.0,-52.0,-75.0,306
922,-62.0,-57.0,-47.0,-60.0,-69.0,306
923,-67.0,-51.0,-49.0,-47.0,-69.0,306
924,-65.0,-52.0,-57.0,-51.0,-65.0,306
925,-67.0,-54.0,-49.0,-51.0,-64.0,306
926,-65.0,-53.0,-90,-49.0,-62.0,306
927,-64.0,-53.0,-51.0,-55.0,-64.0,306
928,-67.0,-53.0,-58.0,-54.0,-72.0,306
929,-67.0,-49.0,-54.0,-49.0,-67.0,306
930,-63.0,-61.0,-58.0,-42.0,-59.0,306
931,-72.0,-53.0,-55.0,-55.0,-65.0,306
932,-68.0,-50.0,-53.0,-57.0,-73.0,306
933,-65.0,-49.0,-50.0,-61.0,-71.0,306
934,-63.0,-56.0,-48.0,-58.0,-69.0,306
935,-67.0,-52.0,-53.0,-56.0,-69.0,306
936,-64.0,-51.0,-45.0,-62.0,-66.0,306
937,-65.0,-55.0,-48.0,-57.0,-64.0,306
938,-67.0,-50.0,-48.0,-60.0,-64.0,306
939,-62.0,-51.0,-90,-68.0,-62.0,306
940,-60.0,-45.0,-49.0,-62.0,-72.0,306
941,-62.0,-46.0,-50.0,-54.0,-66.0,306
942,-64.0,-52.0,-53.0,-90,-69.0,306
943,-55.0,-51.0,-50.0,-59.0,-67.0,306
944,-63.0,-46.0,-54.0,-57.0,-67.0,306
945,-57.0,-44.0,-55.0,-57.0,-64.0,306
946,-90,-52.0,-47.0,-53.0,-77.0,306
947,-68.0,-48.0,-50.0,-51.0,-65.0,306
948,-58.0,-49.0,-51.0,-53.0,-66.0,306
949,-67.0,-48.0,-54.0,-53.0,-63.0,306
950,-63.0,-90,-57.0,-59.0,-57.0,306
951,-62.0,-46.0,-59.0,-44.0,-64.0,306
952,-65.0,-90,-56.0,-46.0,-58.0,306
953,-67.0,-60.0,-49.0,-51.0,-68.0,306
954,-66.0,-56.0,-48.0,-51.0,-68.0,306
955,-59.0,-49.0,-47.0,-53.0,-62.0,306
956,-61.0,-49.0,-50.0,-60.0,-63.0,306
957,-61.0,-48.0,-48.0,-56.0,-72.0,306
958,-68.0,-57.0,-45.0,-59.0,-67.0,306
959,-56.0,-45.0,-49.0,-59.0,-71.0,306
960,-57.0,-44.0,-90,-58.0,-68.0,306
961,-60.0,-54.0,-52.0,-59.0,-71.0,306
962,-62.0,-38.0,-50.0,-57.0,-65.0,306
963,-63.0,-42.0,-48.0,-58.0,-70.0,306
964,-62.0,-53.0,-48.0,-51.0,-73.0,306
965,-65.0,-46.0,-49.0,-56.0,-67.0,306
966,-61.0,-55.0,-44.0,-52.0,-68.0,306
967,-64.0,-55.0,-42.0,-45.0,-69.0,306
968,-64.0,-55.0,-44.0,-48.0,-66.0,306
969,-65.0,-54.0,-43.0,-49.0,-70.0,306
970,-58.0,-58.0,-42.0,-90,-65.0,306
971,-63.0,-58.0,-50.0,-52.0,-70.0,306
972,-64.0,-54.0,-41.0,-45.0,-66.0,306
973,-64.0,-52.0,-50.0,-42.0,-64.0,306
974,-63.0,-57.0,-45.0,-46.0,-78.0,306
975,-69.0,-48.0,-45.0,-50.0,-60.0,306
976,-71.0,-49.0,-59.0,-57.0,-69.0,306
977,-59.0,-52.0,-54.0,-59.0,-68.0,306
978,-55.0,-52.0,-43.0,-50.0,-70.0,306
979,-65.0,-48.0,-41.0,-58.0,-61.0,306
980,-62.0,-52.0,-47.0,-65.0,-64.0,306
981,-60.0,-52.0,-42.0,-60.0,-64.0,306
982,-68.0,-55.0,-48.0,-57.0,-68.0,306
983,-63.0,-54.0,-90,-53.0,-74.0,306
984,-59.0,-52.0,-45.0,-57.0,-75.0,306
985,-62.0,-53.0,-41.0,-61.0,-78.0,306
986,-63.0,-48.0,-90,-59.0,-73.0,306
987,-90, -55,-90,-90, -59,306
988,-72.0,-63.0,-90,-45.0,-57.0,306
989,-75.0,-66.0,-57.0,-48.0,-59.0,306
990,-75.0,-69.0,-59.0,-52.0,-63.0,306
991,-71.0,-60.0,-58.0,-50.0,-60.0,306
992,-70.0,-65.0,-50.0,-49.0,-62.0,306
993,-77.0,-64.0,-49.0,-46.0,-55.0,306
994,-74.0,-62.0,-54.0,-45.0,-63.0,306
995,-75.0,-66.0,-57.0,-47.0,-58.0,306
996,-72.0,-64.0,-60.0,-42.0,-65.0,306
997,-74.0,-65.0,-59.0,-41.0,-66.0,306
998,-74.0,-78.0,-59.0,-50.0,-63.0,306
999,-70.0,-69.0,-61.0,-45.0,-60.0,306
1000,-67.0,-62.0,-53.0,-46.0,-62.0,306
1001,-66.0,-60.0,-52.0,-39.0,-65.0,306
1002,-68.0,-59.0,-48.0,-44.0,-64.0,306
1003,-76.0,-61.0,-51.0,-41.0,-59.0,306
1004,-65.0,-59.0,-59.0,-46.0,-64.0,306
1005,-73.0,-60.0,-53.0,-48.0,-60.0,306
1006,-68.0,-64.0,-63.0,-48.0,-66.0,306
1007, -66, -55, -54, -48, -61,306
1008,-77.0,-61.0,-61.0,-36.0,-59.0,306
1009,-78.0,-66.0,-52.0,-48.0,-64.0,306
1010,-73.0,-62.0,-56.0,-52.0,-63.0,306
1011,-67.0,-65.0,-49.0,-49.0,-61.0,306
1012,-71.0,-60.0,-49.0,-51.0,-67.0,306
1013,-72.0,-60.0,-50.0,-45.0,-65.0,306
1014,-73.0,-63.0,-56.0,-45.0,-63.0,306
1015,-66.0,-69.0,-64.0,-48.0,-67.0,306
1016,-71.0,-59.0,-56.0,-46.0,-62.0,306
1017,-66.0,-61.0,-75.0,-48.0,-65.0,306
1018,-62.0,-56.0,-70.0,-37.0,-67.0,306
1019,-75.0,-66.0,-59.0,-45.0,-63.0,306
1020,-78.0,-62.0,-57.0,-37.0,-55.0,306
1021,-66.0,-59.0,-55.0,-40.0,-60.0,306
1022,-66.0,-59.0,-55.0,-37.0,-56.0,306
1023,-65.0,-55.0,-57.0,-45.0,-63.0,306
1024,-66.0,-64.0,-55.0,-43.0,-65.0,306
1025,-67.0,-64.0,-52.0,-45.0,-64.0,306
1026,-70.0,-61.0,-56.0,-50.0,-58.0,306
1027,-69.0,-61.0,-52.0,-50.0,-63.0,306
1028,-66.0,-61.0,-60.0,-53.0,-58.0,306
1029,-68.0,-48.0,-56.0,-41.0,-53.0,306
1030,-68.0,-50.0,-53.0,-42.0,-61.0,306
1031,-68.0,-55.0,-48.0,-37.0,-62.0,306
1032,-71.0,-59.0,-59.0,-44.0,-62.0,306
1033,-70.0,-61.0,-57.0,-36.0,-59.0,306
1034,-75.0,-62.0,-52.0,-36.0,-69.0,306
1035,-64.0,-64.0,-46.0,-34.0,-67.0,306
1036,-90,-59.0,-45.0,-37.0,-66.0,306
1037,-75.0,-64.0,-57.0,-46.0,-60.0,306
1038,-71.0,-59.0,-53.0,-43.0,-63.0,306
1039,-72.0,-60.0,-62.0,-34.0,-56.0,306
1040,-77.0,-64.0,-57.0,-46.0,-60.0,306
1041,-70.0,-63.0,-52.0,-45.0,-65.0,306
1042,-71.0,-65.0,-48.0,-51.0,-54.0,306
1043,-64.0,-61.0,-57.0,-47.0,-58.0,306
1044,-69.0,-63.0,-59.0,-52.0,-64.0,306
1045,-76.0,-59.0,-56.0,-56.0,-57.0,306
1046,-66.0,-57.0,-54.0,-49.0,-53.0,306
1047,-73.0,-58.0,-52.0,-50.0,-59.0,306
1048,-77.0,-59.0,-57.0,-47.0,-60.0,306
1049,-70.0,-60.0,-56.0,-48.0,-60.0,306
1050,-69.0,-55.0,-48.0,-44.0,-63.0,306
1051,-81.0,-57.0,-54.0,-46.0,-71.0,306
1052,-84.0,-59.0,-53.0,-48.0,-61.0,306
1053,-74.0,-60.0,-62.0,-40.0,-57.0,306
1054,-66.0,-62.0,-50.0,-45.0,-68.0,306
1055,-67.0,-63.0,-50.0,-40.0,-68.0,306
1056,-68.0,-59.0,-50.0,-44.0,-70.0,306
1057,-71.0,-61.0,-58.0,-38.0,-65.0,306
1058,-77.0,-60.0,-63.0,-41.0,-58.0,306
1059,-73.0,-66.0,-60.0,-39.0,-54.0,306
1060,-74.0,-61.0,-58.0,-43.0,-56.0,306
1061,-78.0,-67.0,-65.0,-37.0,-61.0,306
1062,-76.0,-63.0,-62.0,-46.0,-53.0,306
1063,-70.0,-66.0,-63.0,-40.0,-59.0,306
1064,-74.0,-64.0,-62.0,-33.0,-67.0,306
1065,-74.0,-67.0,-59.0,-30.0,-57.0,306
1066,-90,-63.0,-90,-28.0,-58.0,306
1067,-74.0,-73.0,-63.0,-27.0,-54.0,306
1068,-90,-67.0,-61.0,-90,-56.0,306
1069,-90,-63.0,-62.0,-37.0,-58.0,306
1070,-78.0,-62.0,-90,-90,-53.0,306
1071,-73.0,-63.0,-62.0,-90,-53.0,306
1072,-72.0,-62.0,-90,-41.0,-61.0,306
1073,-74.0,-63.0,-65.0,-41.0,-53.0,306
1074,-90,-62.0,-90,-40.0,-56.0,306
1075,-90,-67.0,-70.0,-90,-53.0,306
1076,-75.0,-70.0,-63.0,-48.0,-52.0,306
1077,-70.0,-71.0,-68.0,-44.0,-61.0,306
1078,-72.0,-78.0,-66.0,-46.0,-53.0,306
1079,-73.0,-67.0,-65.0,-90,-54.0,306
1080,-90,-63.0,-90,-41.0,-49.0,306
1081,-90,-65.0,-64.0,-37.0,-52.0,306
1082,-90,-63.0,-59.0,-32.0,-53.0,306
1083,-90,-69.0,-57.0,-30.0,-53.0,306
1084,-72.0,-63.0,-90,-38.0,-51.0,306
1085,-76.0,-63.0,-70.0,-47.0,-59.0,306
1086,-90,-64.0,-67.0,-39.0,-57.0,306
1087,-68.0,-64.0,-66.0,-35.0,-57.0,306
1088,-79.0,-65.0,-67.0,-28.0,-55.0,306
1089,-90,-70.0,-69.0,-37.0,-53.0,306
1090,-90,-59.0,-58.0,-39.0,-56.0,306
1091,-69.0,-53.0,-56.0,-42.0,-59.0,306
1092,-90,-65.0,-59.0,-29.0,-60.0,306
1093,-75.0,-75.0,-71.0,-41.0,-62.0,306
1094,-74.0,-71.0,-65.0,-33.0,-55.0,306
1095,-76.0,-72.0,-64.0,-36.0,-62.0,306
1096,-90,-72.0,-67.0,-39.0,-48.0,306
1097,-73.0,-69.0,-66.0,-42.0,-51.0,306
1098,-75.0,-70.0,-71.0,-43.0,-55.0,306
1099,-79.0,-69.0,-63.0,-45.0,-52.0,306
1100,-72.0,-69.0,-67.0,-53.0,-55.0,306
1101,-75.0,-74.0,-64.0,-42.0,-54.0,306
1102,-77.0,-70.0,-67.0,-43.0,-55.0,306
1103,-77.0,-55.0,-64.0,-39.0,-53.0,306
1104,-73.0,-53.0,-68.0,-49.0,-52.0,306
1105,-90,-69.0,-71.0,-48.0,-54.0,306
1106,-90,-67.0,-62.0,-46.0,-54.0,306
1107,-79.0,-70.0,-90,-48.0,-51.0,306
1108,-72.0,-57.0,-63.0,-48.0,-45.0,306
1109,-73.0,-66.0,-63.0,-48.0,-45.0,306
1110,-73.0,-68.0,-66.0,-38.0,-49.0,306
1111,-76.0,-57.0,-65.0,-36.0,-48.0,306
1112,-90,-59.0,-59.0,-37.0,-50.0,306
1113,-75.0,-65.0,-58.0,-32.0,-56.0,306
1114,-71.0,-64.0,-59.0,-33.0,-56.0,306
1115,-72.0,-67.0,-62.0,-30.0,-65.0,306
1116,-75.0,-63.0,-59.0,-39.0,-56.0,306
1117,-72.0,-63.0,-66.0,-39.0,-54.0,306
1118,-72.0,-64.0,-59.0,-40.0,-59.0,306
1119,-90,-66.0,-64.0,-35.0,-58.0,306
1120,-78.0,-70.0,-68.0,-32.0,-58.0,306
1121,-74.0,-67.0,-66.0,-33.0,-57.0,306
1122,-76.0,-57.0,-60.0,-29.0,-51.0,306
1123,-73.0,-55.0,-65.0,-32.0,-49.0,306
1124,-90,-62.0,-67.0,-29.0,-48.0,306
1125,-73.0,-62.0,-64.0,-29.0,-55.0,306
1126,-70.0,-54.0,-68.0,-46.0,-49.0,306
1127,-90,-66.0,-69.0,-35.0,-54.0,306
1128,-73.0,-68.0,-65.0,-44.0,-52.0,306
1129,-90,-58.0,-62.0,-36.0,-60.0,306
1130,-70.0,-56.0,-66.0,-38.0,-54.0,306
1131,-79.0,-57.0,-72.0,-40.0,-47.0,306
1132,-78.0,-61.0,-90,-41.0,-45.0,306
1133,-53.0,-50.0,-66.0,-62.0,-74.0,306
1134,-43.0,-47.0,-66.0,-64.0,-77.0,306
1135,-90,-57.0,-90,-90,-79.0,306
1136,-46.0,-55.0,-72.0,-66.0,-80.0,306
1137,-48.0,-55.0,-76.0,-64.0,-80.0,306
1138,-40.0,-57.0,-62.0,-59.0,-74.0,306
1139,-40.0,-49.0,-62.0,-62.0,-80.0,306
1140,-41.0,-51.0,-66.0,-63.0,-74.0,306
1141,-40.0,-69.0,-69.0,-63.0,-80.0,306
1142,-43.0,-46.0,-69.0,-54.0,-83.0,306
1143,-49.0,-53.0,-63.0,-64.0,-78.0,306
1144, -37, -43, -62, -56, -82,306
1145,-42.0,-40.0,-66.0,-60.0,-81.0,306
1146,-45.0,-37.0,-62.0,-54.0,-75.0,306
1147, -43, -49, -66, -71, -79,306
1148,-50.0,-48.0,-60.0,-68.0,-81.0,306
1149,-43.0,-55.0,-72.0,-69.0,-78.0,306
1150,-44.0,-56.0,-64.0,-68.0,-78.0,306
1151,-45.0,-51.0,-63.0,-66.0,-76.0,306
1152,-90,-51.0,-90,-61.0,-77.0,306
1153,-49.0,-54.0,-65.0,-59.0,-80.0,306
1154,-48.0,-52.0,-66.0,-58.0,-78.0,306
1155,-55.0,-54.0,-66.0,-68.0,-86.0,306
1156,-44.0,-65.0,-70.0,-71.0,-76.0,306
1157,-49.0,-54.0,-64.0,-54.0,-72.0,306
1158,-54.0,-64.0,-66.0,-61.0,-79.0,306
1159,-48.0,-62.0,-65.0,-55.0,-74.0,306
1160,-46.0,-50.0,-63.0,-58.0,-76.0,306
1161,-41.0,-53.0,-60.0,-60.0,-77.0,306
1162,-49.0,-46.0,-90,-64.0,-78.0,306
1163,-50.0,-46.0,-57.0,-52.0,-74.0,306
1164,-61.0,-53.0,-57.0,-50.0,-73.0,306
1165,-54.0,-46.0,-54.0,-55.0,-74.0,306
1166, -56, -44, -55, -55, -69,306
1167, -52, -52, -69, -75, -80,306
1168,-54.0,-47.0,-64.0,-63.0,-78.0,306
1169, -50, -44, -54, -62, -74,306
1170,-51.0,-41.0,-55.0,-63.0,-80.0,306
1171,-51.0,-47.0,-58.0,-62.0,-77.0,306
1172,-55.0,-50.0,-58.0,-67.0,-74.0,306
1173,-52.0,-48.0,-71.0,-62.0,-69.0,306
1174,-59.0,-48.0,-65.0,-55.0,-80.0,306
1175,-58.0,-57.0,-66.0,-63.0,-77.0,306
1176,-52.0,-51.0,-64.0,-59.0,-90,306
1177,-55.0,-57.0,-90,-61.0,-77.0,306
1178,-90,-58.0,-62.0,-75.0,-74.0,306
1179,-52.0,-59.0,-67.0,-67.0,-79.0,306
1180,-90,-49.0,-90,-67.0,-80.0,306
1181,-90,-54.0,-67.0,-66.0,-80.0,306
1182,-50.0,-54.0,-69.0,-61.0,-80.0,306
1183,-49.0,-58.0,-69.0,-64.0,-73.0,306
1184,-90,-54.0,-64.0,-65.0,-76.0,306
1185,-46.0,-56.0,-62.0,-68.0,-79.0,306
1186,-44.0,-50.0,-65.0,-66.0,-78.0,306
1187,-55.0,-50.0,-60.0,-62.0,-76.0,306
1188,-60.0,-43.0,-62.0,-53.0,-75.0,306
1189,-57.0,-56.0,-90,-69.0,-80.0,306
1190,-48.0,-53.0,-69.0,-72.0,-80.0,306
1191,-51.0,-52.0,-59.0,-73.0,-78.0,306
1192,-51.0,-53.0,-62.0,-69.0,-78.0,306
1193,-49.0,-49.0,-62.0,-76.0,-84.0,306
1194,-90,-55.0,-90,-90,-79.0,306
1195,-52.0,-60.0,-64.0,-71.0,-76.0,306
1196,-50.0,-54.0,-60.0,-72.0,-84.0,306
1197,-55.0,-58.0,-61.0,-67.0,-77.0,306
1198,-59.0,-59.0,-90,-90,-78.0,306
1199,-51.0,-55.0,-53.0,-90,-73.0,306
1200,-51.0,-53.0,-90,-65.0,-76.0,306
1201,-90,-49.0,-90,-64.0,-76.0,306
1202,-54.0,-45.0,-68.0,-90,-78.0,306
